Position,Const,Created,Modified,Description,Title,URL,Title Type,IMDb Rating,Runtime (mins),Year,Genres,Num Votes,Release Date,Directors
1,tt27431598,2024-01-13,2024-01-13,,Bramayugam,https://www.imdb.com/title/tt27431598/,movie,8.1,139,2024,"Horror, Thriller",5960,2024-02-15,Rahul Sadasivan
2,tt28288786,2024-02-22,2024-02-22,,Premalu,https://www.imdb.com/title/tt28288786/,movie,8.3,156,2024,"Comedy, Romance",2858,2024-02-09,Girish A.D.
3,tt27302079,2024-01-13,2024-01-13,,Aattam,https://www.imdb.com/title/tt27302079/,movie,8.4,139,2023,Drama,1826,2023-10-30,Anand Ekarshi
4,tt26458038,2024-02-22,2024-02-22,,Manjummel Boys,https://www.imdb.com/title/tt26458038/,movie,8.7,135,2024,"Adventure, Thriller",5473,2024-02-22,Chidambaram
5,tt23023596,2024-01-13,2024-01-13,,Malaikottai Vaaliban,https://www.imdb.com/title/tt23023596/,movie,6.3,156,2024,"Action, Drama, Fantasy, Thriller, Western",3480,2024-01-25,Lijo Jose Pellissery
6,tt27816710,2024-01-13,2024-01-13,,Abraham Ozler,https://www.imdb.com/title/tt27816710/,movie,6.7,143,2024,"Crime, Drama, Mystery, Thriller",1629,2024-01-11,Midhun Manuel Thomas
7,tt10345546,2024-01-13,2024-01-13,,Barroz,https://www.imdb.com/title/tt10345546/,movie,,,2024,"Action, Adventure, Fantasy, Thriller",,2024-03-28,Mohanlal
8,tt29608104,2024-01-13,2024-01-13,,Turbo,https://www.imdb.com/title/tt29608104/,movie,,,,,,,
9,tt27470003,2024-01-13,2024-01-13,,Bazooka,https://www.imdb.com/title/tt27470003/,movie,,,,"Action, Crime, Thriller",,,Deeno Dennis
10,tt10505918,2024-01-13,2024-01-13,,L2: Empuraan,https://www.imdb.com/title/tt10505918/,movie,,,,"Action, Crime, Thriller",,,Prithviraj Sukumaran
11,tt11449482,2024-01-13,2024-01-13,,Ram,https://www.imdb.com/title/tt11449482/,movie,,,,"Action, Crime, Thriller",,,Jeethu Joseph
