Position,Const,Created,Modified,Description,Title,URL,Title Type,IMDb Rating,Runtime (mins),Year,Genres,Num Votes,Release Date,Directors
1,tt0249188,2016-11-18,2016-11-18,,Thoovanathumbikal,https://www.imdb.com/title/tt0249188/,movie,8.6,151,1987,"Drama, Romance",4956,1987-07-31,P. Padmarajan
2,tt0237820,2016-11-18,2016-11-18,,Thaniyavartanam,https://www.imdb.com/title/tt0237820/,movie,8.8,119,1987,Drama,3112,1987-08-15,Sibi Malayil
3,tt0216971,2016-11-18,2016-11-18,,Peruvazhiyambalam,https://www.imdb.com/title/tt0216971/,movie,7.9,118,1979,Drama,94,,P. Padmarajan
4,tt0156160,2016-11-18,2016-11-18,,Vaishali,https://www.imdb.com/title/tt0156160/,movie,7.9,133,1988,"Musical, Drama, Romance",432,,Bharathan
5,tt0248673,2016-11-18,2016-11-18,,Aparan,https://www.imdb.com/title/tt0248673/,movie,7.9,115,1988,"Mystery, Thriller",478,1988-02-12,P. Padmarajan
6,tt0248934,2016-11-18,2016-11-18,,Kariyila Kattu Pole,https://www.imdb.com/title/tt0248934/,movie,7.7,137,1986,"Crime, Mystery, Thriller",548,1986-03-21,P. Padmarajan
7,tt0248909,2016-11-18,2016-11-18,,Innale,https://www.imdb.com/title/tt0248909/,movie,8.0,137,1989,"Drama, Romance",529,1989-12-31,P. Padmarajan
8,tt0215376,2016-11-18,2016-11-18,,Yavanika,https://www.imdb.com/title/tt0215376/,movie,7.9,147,1982,"Drama, Mystery",862,1982-04-30,K.G. George
9,tt0248755,2016-11-18,2016-11-18,,Desatanakkili Karayarilla,https://www.imdb.com/title/tt0248755/,movie,7.6,,1986,Drama,283,,P. Padmarajan
10,tt0249027,2016-11-18,2016-11-18,,Moonnam Pakkam,https://www.imdb.com/title/tt0249027/,movie,8.3,114,1988,Drama,1080,1988-08-28,P. Padmarajan
11,tt0292260,2016-11-18,2016-11-18,,Sughamodevi,https://www.imdb.com/title/tt0292260/,movie,7.0,,1986,"Musical, Comedy, Drama",239,,Venu Nagavalli
12,tt0230597,2016-11-18,2016-11-18,,Oru Vadakkan Veeragatha,https://www.imdb.com/title/tt0230597/,movie,8.7,168,1989,"Drama, History",6270,1989-04-14,T. Hariharan
13,tt0249047,2016-11-18,2016-11-18,,Namukku Parkkan Munthiri Thoppukal,https://www.imdb.com/title/tt0249047/,movie,8.5,137,1986,Romance,2548,1986-09-12,P. Padmarajan
14,tt0229986,2016-11-18,2016-11-18,,Amrutham Gamaya,https://www.imdb.com/title/tt0229986/,movie,7.8,,1987,Drama,257,,T. Hariharan
15,tt0215028,2016-11-18,2016-11-18,,Panchagni,https://www.imdb.com/title/tt0215028/,movie,7.3,141,1986,"Crime, Drama, Romance",260,,T. Hariharan
16,tt0248946,2016-11-18,2016-11-18,,Koodevide?,https://www.imdb.com/title/tt0248946/,movie,7.6,150,1983,Drama,274,,P. Padmarajan
17,tt0268882,2016-11-18,2016-11-18,,Aalkkoottathil Thaniye,https://www.imdb.com/title/tt0268882/,movie,7.3,139,1984,"Drama, Romance",154,1984-03-06,I.V. Sasi
18,tt0237138,2016-11-18,2016-11-18,,Dasharatham,https://www.imdb.com/title/tt0237138/,movie,8.5,154,1989,"Comedy, Drama",2317,1989-10-19,Sibi Malayil
19,tt0259709,2016-11-18,2016-11-18,,Vachanam,https://www.imdb.com/title/tt0259709/,movie,7.1,122,1989,"Crime, Drama, Mystery",49,1989-10-13,Lenin Rajendran
20,tt0085137,2016-11-18,2016-11-18,,Adaminte Variyellu,https://www.imdb.com/title/tt0085137/,movie,8.0,142,1983,Drama,133,,K.G. George
21,tt0215029,2016-11-18,2016-11-18,,Panchavadi Palam,https://www.imdb.com/title/tt0215029/,movie,8.1,140,1984,Comedy,395,,K.G. George
22,tt0235891,2016-11-18,2016-11-18,,Yaathra,https://www.imdb.com/title/tt0235891/,movie,8.0,124,1985,"Drama, Romance",849,1985-09-20,Balu Mahendra
23,tt0186840,2016-11-18,2016-11-18,,Avalude Ravukal,https://www.imdb.com/title/tt0186840/,movie,6.5,144,1978,Drama,84,1978-03-03,I.V. Sasi
24,tt0156011,2016-11-18,2016-11-18,,Rathinirvedam,https://www.imdb.com/title/tt0156011/,movie,6.7,124,1978,"Drama, Romance",153,1978-03-08,Bharathan
25,tt0069334,2016-11-18,2016-11-18,,Swayamvaram,https://www.imdb.com/title/tt0069334/,movie,7.1,131,1972,Drama,123,1972-11-24,Adoor Gopalakrishnan
26,tt0076277,2016-11-18,2016-11-18,,Kodiyettam,https://www.imdb.com/title/tt0076277/,movie,7.3,137,1978,Drama,122,1978-05-12,Adoor Gopalakrishnan
